Sentiment,count
Support,53.93518518518518
Neutral,28.3179012345679
Oppose,17.746913580246915
