Sentiment,count
Support,70.49009384775809
Oppose,19.464720194647203
Neutral,10.045185957594716
