Sentiment,count
Support,50.94454600853139
Neutral,29.5551492992078
Oppose,19.500304692260816
